{
  "hero": {
    "headline": "Product Visionary",
    "subheadline": "Strategic AI Leader and Product Visionary",
    "description": "Architecting next-generation AI products that capture markets and generate exponential value across MENA & Southeast Asia regions",
    "primaryTitle": "AI Product Leader find",
    "secondaryTitle": "& Strategic AI Leader",
    "statusBadge": {
      "text": "Available for C-Level Roles",
      "type": "available",
      "showIndicator": true
    },
    "primaryCTA": {
      "text": "Let's Connect",
      "action": "scroll_to_contact"
    },
    "secondaryCTA": {
      "text": "Career Timeline",
      "action": "scroll_to_timeline"
    },
    "achievementCards": [
      {
        "icon": "sparkles",
        "color": "blue",
        "label": "unicorn-potential products",
        "value": "Built 3"
      },
      {
        "icon": "award",
        "color": "blue",
        "label": "market share captured",
        "value": "40%"
      },
      {
        "icon": "trending",
        "color": "purple",
        "label": "YoY growth achieved",
        "value": "300%"
      }
    ],
    "floatingMetrics": [],
    "founderBadge": {
      "icon": "crown",
      "show": true,
      "text": "AI Founder"
    },
    "backgroundSettings": {
      "gradientStyle": "blue_purple",
      "showAnimatedBlobs": true,
      "showFloatingElements": true
    }
  },
  "stats": {
    "stat1Value": "$110K+",
    "stat1Label": "Funding Secured",
    "stat2Value": "70%",
    "stat2Label": "Query Automation",
    "stat3Value": "10+",
    "stat3Label": "Enterprise Clients",
    "stat4Value": "20",
    "stat4Label": "Team Members"
  },
  "about": {
    "title": "About Hamza",
    "summary": "Transforming AI concepts into enterprise solutions across diverse markets",
    "competencies": "<p>With over 7 years of experience spanning the MENA region and Southeast Asia, I specialize in transforming complex AI concepts into scalable enterprise solutions. My journey began in fintech, where I discovered the power of AI to solve real-world regulatory challenges.\n\n</p><p>At Tapway, I led the development of enterprise AI vision platforms, scaling from startup to serving 10+ major enterprise clients. This experience taught me that successful AI products require not just technical sophistication, but deep understanding of enterprise needs and cultural contexts.\n\n</p><p>Currently, as an Entrepreneur in Residence at Antler Malaysia, I'm building AI compliance solutions for the fintech sector, having secured $110K+ in early funding. My focus remains on creating AI products that are both technically robust and culturally intelligent.   \n</p>",
    "philosophyQuote": "True AI leadership means building products that are not just technically sophisticated but culturally intelligent.\n\nAI product success isn't just about cutting-edge technology—it's about understanding cultural nuances, regulatory landscapes, and human needs across diverse markets. True innovation happens when we bridge technical excellence with deep market empathy.",
    "philosophyTitle": "My Leadership Philosophy"
  },
  "experience": {
    "title": "Professional Experience",
    "subtitle": "Building AI solutions that scale across cultures and markets",
    "experiences": [
      {
        "id": 1,
        "company": "AI Product Leadership & Entrepreneurship",
        "position": "Founder & AI Product Leader",
        "period": "2024 - Present",
        "description": "Leading AI product strategy across multiple ventures while mentoring 15+ founders in AI implementation and go-to-market strategies.",
        "achievements": [
          "Mentoring 15+ founders on AI product development and scaling strategies",
          "Built comprehensive AI compliance platform securing $110K+ in funding",
          "Established cross-cultural product development frameworks for global markets"
        ],
        "technologies": [
          "Claude API",
          "React",
          "Node.js",
          "PostgreSQL",
          "Vector Databases"
        ],
        "location": "Kuala Lumpur, Malaysia",
        "current": true
      },
      {
        "id": 2,
        "company": "AI Compliance Startup",
        "position": "Founder & Product Leader",
        "period": "2023 - 2024",
        "description": "Built AI-driven compliance platform from concept to funding, addressing regulatory complexity in financial services across multiple jurisdictions.",
        "achievements": [
          "Secured $110K+ in early-stage funding through strategic investor relations",
          "Reduced manual compliance review processes by 50% through AI automation",
          "Achieved 99.9% accuracy rate in regulatory assessment automation",
          "Established product-market fit with enterprise pilot programs"
        ],
        "technologies": [
          "Python ML",
          "React",
          "Node.js",
          "PostgreSQL",
          "Compliance APIs"
        ],
        "location": "Kuala Lumpur, Malaysia",
        "current": false
      },
      {
        "id": 3,
        "company": "Tapway",
        "position": "Senior Product Manager - Enterprise AI Platform",
        "period": "2021 - 2023",
        "description": "Scaled no-code AI vision platform from startup to enterprise solution serving 10+ major clients while growing engineering team from 8 to 20 members.",
        "achievements": [
          "Grew engineering team from 8 to 20 members while maintaining development velocity",
          "Achieved 99.9% platform uptime serving 10+ enterprise clients simultaneously",
          "Increased revenue by 150% through strategic product expansion and client acquisition",
          "Built comprehensive API ecosystem enabling white-label deployment capabilities"
        ],
        "technologies": [
          "Computer Vision",
          "TensorFlow",
          "Kubernetes",
          "AWS",
          "React Native"
        ],
        "location": "Kuala Lumpur, Malaysia",
        "current": false
      },
      {
        "id": 4,
        "company": "MENA Fintech Platform",
        "position": "AI Product Manager",
        "period": "2020 - 2021",
        "description": "Implemented RAG AI system achieving 70% automation in customer query handling while supporting 15 languages for cross-cultural financial services.",
        "achievements": [
          "Implemented RAG AI achieving 70% automation in customer query processing",
          "Reduced operational costs by 35% through intelligent automation systems",
          "Built multilingual AI system supporting 15 languages for diverse user base",
          "Established AI governance framework ensuring regulatory compliance"
        ],
        "technologies": [
          "RAG AI",
          "Python",
          "NLP",
          "Multi-language Processing",
          "APIs"
        ],
        "location": "Dubai, UAE",
        "current": false
      }
    ]
  },
  "caseStudies": {
    "title": "Case Studies",
    "subtitle": "Proven track record of scaling AI solutions across global markets",
    "caseStudies": [
      {
        "id": 1,
        "title": "AI Compliance Platform - Scaling from MVP to Enterprise",
        "status": "published",
        "challenge": "Built AI-driven compliance platform from concept to $110K+ funding, addressing regulatory complexity in financial services across multiple jurisdictions.",
        "approach": "Implemented lean startup methodology with rapid prototyping, customer discovery interviews, and iterative product development based on regulatory feedback.",
        "solution": "Developed comprehensive compliance automation platform reducing manual review processes by 50% while maintaining 99.9% accuracy in regulatory assessment.",
        "impact": "Secured $110K+ in early-stage funding, achieved product-market fit with enterprise clients, and established foundation for SEA market expansion.",
        "metrics": [
          "$110K+ funding secured",
          "50% reduction in manual review",
          "99.9% accuracy rate",
          "10+ enterprise pilots"
        ],
        "technologies": [
          "React",
          "Node.js",
          "PostgreSQL",
          "Claude API",
          "Python ML"
        ],
        "featured": true,
        "createdAt": "2024-01-15T00:00:00Z",
        "updatedAt": "2024-06-01T00:00:00Z"
      },
      {
        "id": 2,
        "title": "Enterprise AI Platform Scaling - Tapway Success Story",
        "status": "published",
        "challenge": "Scale no-code AI vision platform from startup to enterprise solution serving 10+ major clients while growing engineering team from 8 to 20 members.",
        "approach": "Implemented agile product management with cross-functional team coordination, enterprise sales strategy, and platform architecture optimization.",
        "solution": "Built scalable enterprise AI platform with 99.9% uptime, comprehensive API ecosystem, and white-label deployment capabilities for diverse industry verticals.",
        "impact": "Successfully scaled to 10+ enterprise clients, achieved 99.9% platform uptime, and built sustainable revenue model with recurring enterprise contracts.",
        "metrics": [
          "10+ enterprise clients",
          "99.9% platform uptime",
          "8→20 team growth",
          "150% revenue increase"
        ],
        "technologies": [
          "Computer Vision",
          "TensorFlow",
          "Kubernetes",
          "AWS",
          "React Native"
        ],
        "featured": true,
        "createdAt": "2023-06-01T00:00:00Z",
        "updatedAt": "2024-03-15T00:00:00Z"
      }
    ]
  },
  "skills": {
    "title": "Technical Expertise",
    "subtitle": "Comprehensive skill set spanning AI product development and enterprise scaling",
    "categories": [
      {
        "category": "AI/ML Technologies",
        "skills": [
          "Claude API",
          "RAG Systems",
          "Computer Vision",
          "TensorFlow",
          "Python ML",
          "Vector Databases",
          "NLP"
        ],
        "icon": "brain"
      },
      {
        "category": "Product Management",
        "skills": [
          "Product Strategy",
          "Roadmap Planning",
          "User Research",
          "A/B Testing",
          "Analytics",
          "Agile/Scrum"
        ],
        "icon": "target"
      },
      {
        "category": "Technical Stack",
        "skills": [
          "React",
          "Node.js",
          "PostgreSQL",
          "AWS",
          "Kubernetes",
          "APIs",
          "TypeScript"
        ],
        "icon": "code"
      },
      {
        "category": "Leadership & Business",
        "skills": [
          "Team Building",
          "Cross-Cultural Management",
          "Fundraising",
          "Startup Strategy",
          "Mentoring"
        ],
        "icon": "users"
      }
    ]
  },
  "contact": {
    "title": "Let's Connect",
    "subtitle": "Open to AI product leadership opportunities and strategic partnerships",
    "email": "hamza@example.com",
    "linkedin": "https://linkedin.com/in/hamzaelessawy",
    "location": "Kuala Lumpur, Malaysia",
    "availability": "Available for leadership roles and consulting opportunities"
  },
  "seo": {
    "title": "Hamza El Essawy - AI Product Leader",
    "description": "AI Product Leader and entrepreneur with expertise in scaling enterprise AI platforms, securing funding, and building cross-cultural teams across MENA and SEA markets.",
    "keywords": "AI Product Manager, Machine Learning, Enterprise AI, Product Strategy, Startup Founder, Cross-Cultural Leadership",
    "ogImage": "/images/hamza-og-image.jpg"
  },
  "lastUpdated": "2025-06-13T06:33:43.662Z",
  "version": 26
}