{
  "stats": {
    "stat1Value": "$110K+",
    "stat1Label": "Funding Secured",
    "stat2Value": "70%",
    "stat2Label": "Query Automation",
    "stat3Value": "10+",
    "stat3Label": "Enterprise Clients",
    "stat4Value": "20",
    "stat4Label": "Team Members"
  },
  "hero": {
    "headline": "AI Product Leader & Multi-time Founder",
    "subheadline": "scaling product from 0 - 1 ",
    "ctaText": "Let's Connect",
    "ctaSecondaryText": "View Portfolio"
  },
  "about": {
    "title": "About Hamza more and more",
    "summary": "Experienced AI Product Leader with a proven track record of building scalable solutions that transform businesses through intelligent automation and strategic product development. find it more",
    "competencies": "AI Product Strategy, Machine Learning Operations, Cross-functional Team Leadership, Enterprise Solution Architecture, Regulatory Compliance Systems\n\nAt Tapway, I led the development of enterprise AI vision platforms, scaling from startup to serving 10+ major enterprise clients. This experience taught me that successful AI products require not just technical sophistication, but deep understanding of enterprise needs and cultural contexts. mote and find \n\nCurrently, as an Entrepreneur in Residence at Antler Malaysia, I'm building AI compliance solutions for the fintech sector, having secured $110K+ in early funding. My focus remains on creating AI products that are both technically robust and culturally intelligent.",
    "philosophyTitle": "Leadership Philosophy",
    "philosophyQuote": "AI product success isn't just about cutting-edge technology—it's about understanding cultural nuances, regulatory landscapes, and human needs across diverse markets. True innovation happens when we bridge technical excellence with deep market empathy."
  },
  "lastUpdated": "2025-06-13T01:25:00.000Z",
  "version": 139
}